query_id,query,product_id,user_id,ori_rating,ori_review
6,"I need to get a dishwasher that is perfect for any need, whether it's for baby bottles or for use in an RV or apartment situation. It should clean dishes very well and use very little water. The dryer should also work as well as a full-size dishwasher.",B0CBFPGF44,AFY7A33USNS2342ITKVJF62KJVGA,5,Get this!! I looked for a while at these. This one is perfect for any need. If you wanna use it for baby bottles or I in a rv or apartment situation.  It cleans your dishes very well and uses very little water. The dryer works awesome as well. As good as my full size dish washer.
246,"I am looking for a necklace that features a turkey design. I want the metal to be sturdy and the enamel colors to look great. The detail on the turkey should be awesome. The necklace chain should also be sturdy and thicker than expected. I want a necklace that feels solid and doesn't feel like it's about to break. It would be great if the necklace comes with a nice velvet bag. Overall, I want a necklace that is perfect for a turkey lover like me.",B09925PBB9,AH636XJ2JZZMW4KUISGFDCGKCFZQ,5,"Love this turkey necklace! I love this necklace!  The metal is sturdy, and the enamel colors look great.  The detail on the turkey is awesome.  The necklace chain is sturdy and thicker than I expected, in a good way!  A lot of necklaces come with a chain that feels like it’s about to break, but this one feels solid.  The necklace came in a nice velvet bag.  Great necklace for a turkey lover!  We have turkeys, and we love them, so I’m very pleased with it."
251,I'm looking for a filter for my older humidifier. I'm really happy that I can find these filters and they work very well!,B08NSZ8PKH,AHQEWUDMZRSQZ3LF5PBWIOKAO5EA,5,Humidifier filter We have an older humidifier and I’m really happy that we are able to get these filters ! They work very well !
476,"I am looking for a great product that I can order for myself and also for my parents. However, I have a problem with my local post office not delivering to my home, even though it's supposed to be delivered to my doorstep.",B07NVJP82G,AFI2P7ESIRGKZGEYYMKG5NTO4RXQ,5,"Great product Great product, so good that I have ordered one for my parents. The only issue that I have is that my local post office will not deliver to my home, which I thought it was suppose to be delivered to my door step"
617,"I am looking for a product that is beautiful, well made, and durable. It should have a beautiful color and be able to protect our ceramic glass top from objects being set down from the microwave or used as a countertop. I would definitely buy it again.",B08ZHD696S,AE2VC26B6LGEBJNZWYKYVDXXYEYQ,5,Beautiful! Just what I wanted ! Beautiful color. Very well made and should last for years. I did not rate heat resistance because I do not put it on a hot stovetop. I let it cool completely before replacing. It is perfect to protect our ceramic glass top from glass plates or other objects being set down from the microwave or used as an extra counter top. Would definitely purchase again
974,"I'm looking for a part that costs around $30 and can potentially save me thousands of dollars. It should be easy to install since I don't want to spend more money on professional help. I was quoted $500 to fix my refrigerator, but I'm considering buying a new one instead. However, before making that decision, I want to try this part as a last attempt to save my fridge. It would be great if it can make my refrigerator work like new again.",B07B438LZV,AGIZ46HTIYC3JITNWTGDMSBGZJGA,5,A $30 part save due thousands Wasn’t hard to install at all. We was quoted $500 to fix it and decided that we would just buy a new refrigerator. My husband tried this as a last ditch effort to save our fridge and it worked like a charm. Back to working like new glad he gave it a try
1007,I need to find a brand of socks that are well made and comfortable. It's important that they provide good value for the price.,B0C4WSH5LC,AHE4BWRCKSIVQYSXFY3XI3NSALBA,5,great value great product can't say I like theese socks but I'm required to wear them and I find this brand well made and comfortable.
1016,I need a refrigerator water filter that works as expected and filters the water in my refrigerator.,B00ZYDX2G2,AGK524IYZ6DCI4G6FTHOGBLQQFNA,5,Works as expected Product was used as intended. It’s a refrigerator water filter! It’s filtering my refrigerator water.<br />Product works well.
1075,I need a cleanser that is a Cica product and works effectively without leaving my skin red. It should feel good on my skin.,B0B34GRFL2,AGPASDHI7YWM2WDB6CMWLRPC5NCA,5,cica products for the win! I love Cica products and this cleanser works so well ; doesn't leave my skin red. it feels good
1127,"I need an egg holder that is sturdy, easy to assemble, and can save space in my fridge. It should also provide easy access to the bottom rows. I don't mind if the plastic screws look a little cheap as long as they work well.",B0BN82NXNQ,AF3HT4TN6UORK5MVXVDTWFCZ5DOQ,5,"Nice Space Saver! This egg holder was fairly easy to put together and surprisingly sturdy!  It saves a lot more room in my fridge and easy access to the bottom rows.  The plastic screws felt and looked a little cheap, but they work perfectly!"
1208,I am looking for an item that can help keep the air in my room moist and prevent dried sinuses and nosebleeds. It would be great if the device also provides sufficient lighting for me to see at night without having to turn on another light.,B09KLKB83C,AFM7WQ5ZDX4UXHPIVY7P3HPU2NFQ,5,Great item I really like this item because it helps keep the air in my room moist so me and my daughter aren’t waking up with dried sinuses and or nose bleeds. The lighting in the device is just enough so that if my daughter wakes up in the middle of the night I don’t need to turn on another light so I can see what I’m doing.
1403,"I need to find a watch that is affordable, easy to maintain, and keeps perfect time. It should have a light that illuminates the face and be suitable for casual wear. However, I want to avoid watches that are difficult to adjust during time changes. The band should be durable and long-lasting. I don't understand why the price has increased so much since the last time I bought it.",B09TXZHKLG,AHQQNBRBDRTQEJSL7LNIEKZAFDPQ,5,"I've owned three of these watches...... Over the past 30 years, I've owned 4 of these watches. It's always been around/less than $10. Last one I bought was about 6 years ago and paid $8 (I see now it's under $17). Watches have always kept perfect time. I wear it as a leisure/work around the home/weekend watch (not a dress watch). The light still illuminates the face. My only beef is when the time changes (fall/behind & spring/ahead), it's a PITA to make the adjustments. It's not the easiest watch to do this with (especially when you lose the instruction sheet). What normally happens is the band wears out before the battery. Although, this last band is wearing well. If you want a cheap/simple/no maintenance watch, that keeps perfect time, buy this. Kudos to Casio who have kept this watch in inventory but shame on them for making it a bit more expensive to buy. No one can tell me the cost to make this watch has almost doubled, since I last bought it."
1452,I need a soap dish that can protect the contents of my shampoo bar from getting splashed with water. It should look cute and have a Zen-like design for my shower.,B0B86TKMP8,AHRLAUFAS46MRWM7HOFXPDRUUKLA,5,"Protects shampoo bar Unlike other soap dishes, this cute thing protects the contents from being splashed by water. Super smart and looks so Zen in my shower cut out"
1550,"I'm looking for a hairpiece that will make my frontal wig fuller. It would be great if the hair doesn't shed, feels soft and looks natural.",B0BLZN982G,AGHFYINORIZ2TJJ7SGKGJVLCBXJQ,5,Very nice hair I used this hair piece to make my frontal wig fuller.  It worked perfectly.  The hair doesnt shed at all.  Its soft and natural
1656,I'm looking for a product that works great and has the ability to adjust the heat setting for different plastic thicknesses.,B08DG32RMP,AE6VH2WTBEZ6OCC6SVKN36WEJHHA,5,"Works great I really like this product, it works really well.  Make sure you set the heat setting correctly for the thickness of plastic."
1796,I need to find a part that is perfect and has an excellent price. It should be in stock and be much cheaper than what Whirlpool is asking for. I'm curious to see how long it will last.,B08DMVK9H8,AGAC2Z24IWH5DZ3KCIVKSBDH4QDQ,5,Perfect Part and Excellent Price Supplier had the part in stock at a fraction of the cost from what Whirlpool was asking.  What remains to be seen is how long it will last.
1805,I'm looking for a hinge that fits perfectly in my LG washer. It's the second time I need to replace it in the past 5 or 6 years. I'm hoping to find something that can extend the life of my 13-year-old washer.,B00M108T5A,AG7N6LYBQXNFMJSRKWWY6D3CJOGQ,5,fit perfectly in my lg washer Second time we replaced the hinge in 5 or 6 years. extended the life of my 13 year old washer.
2031,I need to find a product that is the same as my original part but at a better value. It should cost about 50% less.,B0B4NQ3BM3,AF5GOEJLG5PDVE6S4A7BW52XWDVA,5,Same part at a better value than original. This was an exact match to my original part but about 50% less cost.
2135,"I'm looking for a well-made cap that has a high-quality fastener clasp. I want something that fits great, is lightweight, and can accommodate a larger head size. The cap should be stylish and suitable for wearing during my weekly outings at the club.",B0B7QGPR5T,AGBH7IST5JMKPQJT4NWZ252TIYWQ,5,"PXG Clubs are not the only product that is well-made. Take a look at the fastener clasp on this cap. That's not a cheap Velcro fastener like you get on most caps, this fastener shows PXG put some thought in the quality. The cap fits great, it's lightweight, and I have a head the size of a basketball and it's hard to find quality caps to fit my melon! Great stylish PXG product and I look forward to wearing it during my weekly shootouts at the club."
2298,I am looking for a compact dishwasher that is perfect in terms of performance. It should have an A++ rating and come with an extended warranty option. I want to buy this product.,B09QC9947J,AFVAHLHEIZNWYS72WFWEPQJAA2JA,5,A++ Awesomeness all the way. Perfect compact dishwasher. I used it once so far. I purchased the extended warranty as well.
2635,"I need to get my dryer to work again. It should be an easy fix. I just need to figure out which wire connector is not needed for my model. So far, everything seems to be going well.",B07JJLTZYR,AHHIWLXC3IVKUWSR6UR7IXKI4OTA,5,Got my dryer up and running. Easy fix! Easy fix. One of the wire connectors wasn’t needed for my style so I assume it works on other models. So far so good.
2945,I need to find a hinge for my washer that is sturdier and of good quality. It would be great if it comes with a 3 year guarantee and is easy to install.,B0BGHW3N6M,AHLONFWWOURBMJO2NXF2M7E5MEMQ,5,"3 year guarantee My 4th hinge for my washer, looks a lot sturdier than the others, worth paying the extra few cents to get a good quality product, comes with a 3 year guarantee which is nice.  Very easy to install"
3032,I am looking for a necklace that is of great quality and receives compliments. I want it to lay nicely and be the perfect length. I also want it to have a pretty color.,B01IFWU1UI,AFSDDNVFML3T7OOWLT6TSO2LQ3YQ,5,"But It Great quality.<br />I receive several compliments on this each time I wear it.  The necklace lays nicely, ( perfect length) and the color is pretty. This is my favorite necklace!"
3033,I need a product that can be delivered quickly and keep things cold. It would be great if it also comes with an egg holder and ice tray. I highly recommend it.,B09SNVLH2V,AG36JHKPDIO7HKAH25Y2BSGYFCSA,5,Awesome It got here before expected delivery and got cold really fast also came with an egg holder and ice tray over all awesome product definitely recommend
3232,I am looking for hair products that are of great quality and can help improve manageability.,B07VMGV3SK,AG3LMEH7KPZE5IKV7SHXBHDAXO4Q,5,Great Quality products! I like using  good quality hair products. They make your hair better to manage.
3812,I need a product that works well with a humidifier and helps maintain accurate settings.,B098N5LH76,AGUASSW4LMEWKLAYLM77GL5PVKEA,5,Perfect accuracy These are great to have in conjunction with a humidifier. Keeps all settings on track.
4227,"I'm looking for a product that has great reviews and is easy to use. It should display the temperature in degrees, not minutes. I want something that allows me to set the desired temperature.",B0C5MF7JRS,AFV3AJJID557Y4LGXJXFD2FYLBTA,5,Nada mas que agregar 👏🏼 Ya los comentarios lo dicen todo lo unico que puedo decir es que no se confudan cuando la prenden eso numero que ven es de los grados no minutos los minutos lo tienes que tomar tu mas oh menos cuanto le quieres dar esta muy buena
4273,"I am looking for a product that works great for natural curls. I want something that can reduce frizz and is suitable for wavy hair. It would be great if the product has a fine mesh that allows for fast drying. I think a diffuser without fingers would be perfect for me, but it might not be suitable for those with thicker hair. Overall, I highly recommend this product for natural curls.",B00K7J4S6G,AHPSEHAIFSPE2DIVR4BOEESBRUHQ,5,"Works great I had a longtime hairstylist tell me about this product. She said because my hair was naturally on the wavy side, I didn't need the diffuser with the fingers. I definitely see less frizz. The mesh is so fine that I expected it wouldn't dry as fast but was quickly mistaken. I  would think people with thicker hair would probably need to stick to the diffusers with the fingers, otherwise I highly recommend this one for natural curls."
4325,I need to find a replacement part for my dryer that is quick and easy to install. I want to receive it within a day and be able to install it in a minute.,B0BWCTGXFT,AGJ4OSKRXUVERNLW7DDWAXREOXNQ,5,Quick & easy Got the part in a day<br />Installed in a minute.<br />The dryer breaking down was the easiest part of the day. Go figure.
4388,I'm looking for a product that is fairly easy to install and works great. It should be an OEM and must be recommended by an appliance repair company.,B00DM8M9OC,AEEFIMFL7LEVBUKCMSSXSKAOEXMA,5,"Fairly easy to install, working as it should. Product works great at this point. This is an OEM, which was strongly recommended by appliance repair company."
4554,I need to buy a trucker's hat that has a safety light and pairs easily with a phone.,B0BK9PCFR6,AHAVHSXUOUSTA5OX6UL2DOOO64YQ,5,A trucker's hat I bought this for my husband who drives a big truck.  I thought this would be good if he broke down and needed a safety light or for going into a truck stop late at night.  He says it works well and the sound is fine.  It paired easily with his phone.
5066,"I am looking for my favorite bra. I am 5'1, 130 pounds, and have most of my weight in my midsection and chest. Since I am apple shaped, it's been hard for me to find wired bras that are comfortable after breastfeeding. Most wire-free bras don't offer enough support for my larger chest (36DD). I need a bra with thick straps to prevent shoulder digging. It's important that the bra can withstand washing (hang dry). I don't need the included extender, and I might have been able to size down if that was an option.",B0BB6WS8ZP,AESH4UBOA6VWZ36CIYMP4JVYPOLA,5,"My favorite bra For reference, I am 5'1, 130 pounds. I carry most of my weight in my midsection and chest because I am apple shaped. Once I stopped breast feeding, I had the most difficult time going back to wearing wired bras. However most wire free bras do not provide enough support for my larger chest (36DD). This bra has nice thick straps to prevent shoulder digging. The bra has held up well in the wash (hang dry). There is an included extender, but I do not need it. I probably could have sized down if it was an option."
5564,"I need a product to efficiently organize and access eggs in my fridge. Most products only offer basic organization and require you to take out the entire container to use the eggs. I want something that not only organizes the eggs without breakage but also allows me to easily remove the eggs I need without taking out the whole piece from the fridge. It should have a space-saving design that allows me to place other items on top without worrying about damaging the eggs. This solution will transform the way I store and access my eggs, making my fridge tidy and giving me effortless access to the eggs I need for cooking or baking. I highly recommend this egg organizer to anyone in need of a practical and efficient solution for fridge organization, as it keeps eggs safe and secure and offers easy access without the hassle of traditional storage methods.",B0B7MRZZ2B,AHIJHSW6FCTEJSTNXRAHP6HMY2MQ,5,"Effortless Egg Access and Protection! I was in search of a product to organize eggs in the fridge, but most of them only offered basic organization. When it came to actually using the eggs, you had to take out the entire container and then put it back again. What I loved most about this product is that it not only organizes the eggs without any risk of breakage, but it also allows you to easily remove the eggs you need without having to remove the entire piece from the fridge.<br /><br />One of the standout features is its space-saving design. If you have enough room, you can even place other items on top of it without worrying about damaging the eggs. This adds an extra level of convenience and efficiency to your fridge organization.<br /><br />I must say, this product has truly transformed the way I store and access my eggs. No more clumsy handling or the fear of accidentally dropping and wasting eggs. With this solution, my fridge stays tidy and I can effortlessly grab the eggs I need for cooking or baking.<br /><br />Overall, I highly recommend this egg organizer to anyone looking for a practical and efficient solution for fridge organization. It not only keeps your eggs safe and secure but also offers the added convenience of easy access. Say goodbye to the hassle of traditional egg storage methods and enjoy a more streamlined and enjoyable cooking experience!"
5565,I need to find a product that can be easily installed in my old refrigerator and fits perfectly.,B01GXOTETE,AELJSO4JRT3QBW2XMX4GWVTOY4WQ,5,"Fantastic This has worked perfectly since I installed it in my 10+ year old refrigerator. It was very easy to install, a 10 minute job, and it fits just like it was custom made for my refrigerator."
5646,"I need an ice machine that can produce a lot of ice. It should also be quieter than the one I had before, as that one made a lot of noise when it dropped the ice in the basket.",B0C3C5P3DB,AHA3HZXTDMLRXRUHF2ZITHMIMIKQ,5,Makes PLENTY of ice Makes a lot of ice. Quieter than the last ice machine I purchased. Last machine (different brand) sounded like it hit an iceberg whenever it dropped the ice in the basket.
5775,"I need an ice maker that is pricey but worth it for my big family. I want it to make ice quickly and have a classy appearance that fits well in my kitchen. I prefer one that produces ice that is nice in form. Noise should be barely audible, and I want the option to unplug and clean it thoroughly.",B09MVV717N,AEH3T2R7B4AXOODV3XTAMU4YOFJA,5,"love the ice maker pricey but well worth it for us family , ice is so nice form and quick to make , classy looking ice maker it fits to our lovely kitchen. noise u can barely hear , after we have enough ice we unplug and clean it well . coz its a pricey investment . again well worth it for our big family ."
6023,"I need an ice maker for my bar that is cool and sleek. It should be easy to use and produce great results. Also, it should have a great appearance.",B09WV5TT98,AHE2OM5UGV6SO2GABSAXFRNAUJHA,5,Great addition to any bar! This is the coolest sleekest ice maker! So easy to use with great results exactly as it should work. It also looks great!
6237,I want to find a dishwasher connector that is great and can be used with any dishwasher. It should be easy to install and not cause any leaks. I want to be very satisfied with my purchase.,B076FY4R74,AFZD3KOJWIQ4BQD2FVRZGKCOWQYA,5,Great Everything you need to connect probably any dishwasher. After install no leaks. Very satisfied with it.
6345,"""I'm looking for a product that works great, but I don't want it to arrive slightly bent. It's important for me that the vent suctions well and has bright lights. However, I prefer a touch screen that is always very receptive and doesn't require me to power it on before clicking the light """"on.""""""",B0B3DZQD7S,AHEZUTQEZJYUKZDCI4FKGOGGCQPA,5,"Arrived slightly bent, but works great. As my title explains, the hood was slightly bent, but it wasn’t noticeable until the unit was installed, and we went to put tile under it. When you use a level at the font, it is perfectly level, but the back near the wall is not. We need to slightly slant, so the gap isn’t as noticeable on the right hand where the tile meets hood. Other than that, the vent suctions very well and the lights are bright. The touch screen is not always very receptive, and it’s odd, you have to power it on before clicking the light “on.”"
6729,"I need a perfect replacement for my Samsung front load washer. The original one broke, but luckily I found a replacement that works well. It was easy to install, taking only about a minute. I used a set of needle nose vice grips to expand the spring. The difficulty level was very low, probably a 1 out of 10. I highly recommend this replacement.",B08Q7QRWVY,AFCN5YUDRLMQOVT7EOZ35UOUOEHQ,5,"Perfect Replacement for Samsung Washer This is a perfect replacement on my Samsung Front Load Washer Model #WF50K&500AV/A2.  Original had broken and found this replacement and all is well!  Took about 1 min to replace, I used a set of needle nose vice grips to lock onto and expand the spring.  Difficulty 1-10, easily a 1.  Highly recommended."
7300,I am looking for a replacement product that has a great price and good quality. I want to be happy with my purchase.,B0BN5DW6RF,AEHQRNKATHA7BDHTNFUDVNO4VJWQ,5,Best Price & Quality Replacement Great price and seems like a quality replacement. Very happy with purchase.
7329,"I need a vent that has a perfect lining and is easy to install. I had a previous vent that tore apart easily, so I want one that is durable. It would be great if I can bend it to fit my specific needs. The clasps should be easy to tighten, and I prefer to slide it on first and then tighten it around the dryer or wall vents.",B09MVFPG4D,AHBVMDWR3SR3XK4ZNDZGU2HVINZA,5,"Easy easy easy The lining for this was perfect. I had a cheap foil vent before and it tore apart so easily. This new vent is longer than what I needed, but easily bended where I needed. The clasps were easy to tighten. I recommend to slide that on first then slide around dryer/wall vents to tighten around."
7374,"I am looking for a heating element that is compatible with my dryer. I found a helpful video on YouTube that showed me how to change the heating element on my exact dryer model. I am not sure about the longevity of the product, but I installed it successfully and it is currently working.",B07R4RHC4H,AE35XL25ZSX2AIR47RBB6Q4NYPEA,5,"Just what I needed I am an individual with no mechanical skills but I found a video on youtube with my exact dryer model and how to change the heating element. This worked for my dryer. I can't speak to longevity yet, but I was able to install it and it is working!"
7531,I want a product that is very easy to use and has a sturdy handle. I would repurchase it without a doubt.,B0919DS3JN,AGZWD5S7YWATOCE65QEGR5VPZTAQ,5,worth it! loved this product! it’s very easy to use and the handle is very sturdy. I would definitely repurchase!
7577,"I am looking for an ice maker that is easy to install, quiet, and can make small cubes of ice. It should be a great addition to our home since our fridge doesn't have an ice maker and the trays take up a lot of space in the freezer. I want something that can stand on the floor without taking up too much room. It would be perfect for having plenty of ice on hand, especially during the summer for ourselves and our guests!",B0C8JVGC91,AEADTCGOOOIFP5GDQFVDN6XUAI6Q,5,"Nice ice maker [[VIDEOID:868d852ea153349f3e669888943ad30f]] Great little ice maker. It was easy to install, is quiet, and makes nice little cubes of ice. A great addition to our home because our fridge doesn't have an ice maker, and the trays were taking up lots of room in the freezer. Stands on the floor but doesn't take up much room. Now we will have plenty of ice on hand - especially in the summer for ourselves and our guests!"
7801,"I'm looking for brushes that are great for untangling curly hair, whether it's wet or dry. I need something that works well specifically on super curly hair.",B08MF3W9DZ,AF5UE3BGZO7ENQPNNZ3Y6CDIUQLA,5,Great brushes  for curly hair Love these brushes for my girls who have super curly hair that’s very hard to untangle. Works great on wet or  dry Hair
8026,"I need a dress that is versatile and can be dressed up or down. It should also be affordable and of good quality. Since I am shorter, I would like to be able to hem it if necessary. Overall, it should be cute and comfortable to wear.",B09WXVQYVP,AHXEEBDS7W6SVUYCYYFYI6OHR3QQ,5,"Can be dressed up or dressed down! For the price, you can't find a better dress anywhere. I am on the shorter side, so I hemmed it up a few inches and it's the cutest and most comfortable thing in my wardrobe!"
8058,"I am looking for a lovely set that includes a hat with a warm liner inside and a scarf that is long and of good width. I want it to be warm and lively, and it would be great if it can be a good gift as well. I need a good product.",B0BMLFBB14,AGI6C7A2P56FC4MI4ORO52MQ4FFA,5,Lovely set! Warm and lively set! The hat has a warm liner inside! The scarf is quite long and of good width! I really like the set which can be a good gift too! A good product!
8245,I need to find an icemaker that can keep up with constant demands and won't require me to buy a countertop one. I also want something that is easy to replace and comes with a cable connector and heat shrink.,B084JPFKGS,AFVUVU4C7CSBGROEMIHWYBBZQWPQ,5,"I finally have ICE!!! My grandchidren wouldn't leave quit getting ice when they lived with me, with their mother.  When they lived here the ice maker would not, COULD NOT, keep up with the demands of their constant abuse on it.  I had to buy a countertop icemaker that took up too much room. That thing died in 9 months and caused me to have to go through customer support to get a new one.  They went so far as to have me take a picture of the cable, me cutting the cable, and the icemaker w/o the cable.  WOW!!! I didn't realize how easy it would be to replace this thing in my refrigerator. I watched videos online and found it to be relatively simple.  Thank you Bing! (haha).  The biggest 'pain' was I had to cut one of the cables to attach it to this new icemaker.  The kit comes with a cable connector that you crimp, and a heat shrink to put around it. (Gotta make sure the heat shrink is on before crimping the connector)."
8485,"I need to replace a part on my Amana dishwasher that I bought from Lowe's. Unfortunately, Lowe's doesn't have it in stock. I went on Amazon and searched for the product number, and luckily found it. Now I can get my dishwasher back to working order in just 2 days.",B08HRP8B6C,AGUWJXFFQJTXW4QTX6FWWXXIGSCA,5,"Works with amana dishwasher! We needed to replace this part on our amana dishwasher that we got from Lowe’s. Guess what… Lowe’s didn’t have it. I went on Amazon and typed in the product number, 2 days later I’m back in business."
8813,"I want to buy a pretty hat that I love. However, I have a complaint about the rhinestone band being slightly off center and glued down, which prevents me from fixing it.",B00JT1OQL0,AGI67IT3IJOMDABRBL2SUVSD7ZKQ,5,Love it! Such a pretty hat! Only complaint is the rhinestone band is slightly off center and is glued down so I can’t fix it
8814,I need unbleached [product]. Thank you so much for offering them. I'm really happy with my purchase and will definitely get more once I run out of the ones I currently have.,B09Z62CGBN,AHVCOO7PBWVMHRIRZZ3SJBVRES6A,5,So happy their unbleached Thank you for these 💜 I will definitely order more once the ones I purchased are gone 😊
9120,I am looking for a vent hose that extends and retracts on its own. It would be great if I don't have to manually adjust the length when using it with my dryer. I want something that can make my dryer more efficient and improve its heating efficiency. Highly recommend this product.,B09MVFPG4D,AE3SJN52JNUFCP7GLZSEQ3VNTE2A,5,Extends and Retracts on its own! Best feature of this vent hose is it extends and retracts on its own. I had to pull out dryer like most to work on the machine. When pulling dryer out it extends and after done and pushing it back the vent hose retracts on its own keeping the extended length short therefore making thre dryer more efficent. Noticed a huge difference in heating efficency of the dryer. Highly recommend!
9173,I need a product that is great for placing under a washing machine. I want to make sure it will make it easier to move furniture by adding a small strip of felt for legs.,B07PLSGXY7,AHHTT7N3JGVL47RPKMPDFQ2J2RYQ,5,Great for under washing machine Great product!  We added a  small strip of felt for legs on furniture to make it easier to move in place.
9191,I need to find cheap plastic parts to fix my washer. It has been working fine for 2 months now after I used them.,B092V3N26N,AHC7PHKLCEH5K4YAMDEUICWHM2PQ,5,"Got my washer to work again. These are cheap plastic parts, but it did a swell job of getting my clothes washed. After 2weeks of laundry build up, I probably should have just went to the plumbing store instead of ordering from Amazon. Did fix the problem though (been working good now for 2 months)!"
9225,I want to buy something really cute as part of a Valentine's Day gift for my wife who wears it in the hospital.,B088K6Y2WG,AE2W4G4L5IQBCC2GUA527RXBCUWA,5,Really cute Bought it for my wife who wears them in the hospital.. part of a Valentines days gift.. she loved it
9427,I need something cute and functional that does what I need it to do. The magnet should be strong and it should be a high-quality product. I would appreciate recommendations.,B0C94VM8NS,AHPTYHHGKZ4YSX4DTDFUCNX4GSWQ,5,Cute & functional Does what I need it to do. Magnet is strong. High quality product. Would recommend.
9455,I need something that can help me lock the fridge to prevent my kid from stealing snacks.,B0B47KJH4D,AGHPR36PKXU23WVUY27RU6GDM4NQ,5,Perfect for our kid This works perfect for our munchkin. She is a Munich’s snack burglar. This item helped us lock the fridge.
9671,I need a gap cover that is easy to place and cut. It should be clear and compatible with my white stove. I would prefer a slightly thinner design to avoid any spills or accidents with cups or glasses next to it.,B08FCKRF74,AH2TNNMKUNOQUXGSKJKWPDTBNUSQ,5,"Works perfectly, easy to place and cut I like this gap cover fine.  It's clear on my white stove so that's good.  It could be slightly thinner depth wise; becareful setting a cup/glass next to or on it, that they do't spill or fall"
9676,I need a specific part for my Maytag dryer that will fix the drying issue. The installation process should be simple and straightforward.,B0BWCTGXFT,AE54HGE72U7DCE5STFCFU5EHVU2Q,5,"My dryer is drying again This is exactly the part that was needed for my Maytag dryer.  The installation was easy, it took longer to take the back of the dryer off then put on."
9851,I am looking for comfortable shirts that have a Y-back fit. I want them to help keep me dry and I need size L.,B09H6MXJ71,AEQTFYW7CQFKGBWAFJI6M7DB4W3Q,5,Comfortable Thought these shirts were supposed to be the Y-back fit as stated in the description. Instead they fit the same as the 3-pk runners type I ordered about a week or so before. Still happy with these. I received three different colors anyhow from the previous set and they fit perfectly. I am about 5’ 4”  and weigh about 160 lbs. I ordered Size L. Very comfortable and help keep you dry.
9943,"I need a fan with better suction. It should be easy to use and arrive without any damage. I want it to look nice when installed. I also prefer a fan motor with a higher CFM. It should be easy to replace and install, requiring only the removal and replacement of 4 screws and 3 wires.",B0BSV3RK3X,AFSSZA7VDYWWEPYN64BFTQGYPO6Q,5,The fan needs better suction Easy to use arrived without any damage looks super nice installed just wish they used a fan motor with a higher cfm needs better suction i just wanted a black overhead ill get i better fan very easy to replace it and its very easy to install this appliance remove and replace 4 screws and a 3 wires a kindergartener could do it
10367,I need a product that can make clean up in the kitchen easy. It should be of great quality and inexpensive.,B07CYNWTXK,AGFYH7F3GI22B4PYS2SHUSWS7V3Q,5,Kitchen game changer Love this product. Makes clean up so easy. I don't know how I lived without them. Great quality and so inexpensive.
10511,I need socks that fit perfectly and stay up over the calf. These will definitely become my go-to socks.,B08CCZK3FS,AF4VGVSIXJQJS6KTQBJLN6TUDP7A,5,Perfect fit to what I want! I think these will become my go to socks from now on as the are perfect in fit and that they stay up over the calf.
10685,I need to find a replacement for my Samsung refrigerator water filter. It should be easy to install and reasonably priced.,B01CA34OZG,AFLMXPRJEZPKTYI2RTG2CUQBIP6Q,5,Exactly what I needed I order these to replace in my Samsung refrigerator when my water filter light came on. Easy to install and a good price.
10843,I want to find a product that I can use for the first time and it will become my favorite. I want it to have a great smell that lasts all day. I don't want any complaints about it.,B09TT8ZVPN,AHVOCPCVHDRUYR6TITVID6QQWQDA,5,"Love it Is my first time using it, now is going to be my favorite, smell is great and last all day, no complains about anything."
10987,I need a filter that works well on an LG LRFWS2906V refrigerator. I want to make sure it aligns correctly with the notches and doesn't have any chemical taste. It's important to run about 5 gallons of water through it before drinking. I also need instructions on how to remove the old filter correctly to avoid misaligning the notches.,B07L8GFMSP,AEV72YJN2QANEKC4XB73T6UXOWHQ,5,Works great on LG LRFWS2906V! I was worried about this not working on my new LG refrigerator especially since I've read it's difficult to align the notches correctly with even the name brand LG filters but this brand works great and no chemical taste. Just make sure you run about 5 gallons of water out before you drink any. You should do this with any new filter anyway.<br /><br />Make sure you remove the old filter correctly so you don't misalign the notches.
12134,"I need a washing machine that works really well and is compact, like a beast.",B0CC9G6H6S,AF2VMOZNUSO4YQS45NPLKFNXPAFA,5,"It works really well... This thing works like a beast. Imagine your lawnmower, but instead it's a compact washing machine."
12713,"I am looking for a coffee pod holder that is well designed, slanted to prevent the pods from falling out, and easy to remove the pods.",B00J3YHZLG,AGPH7OIR4COYT22QWZC6KGL3VXEQ,5,This is a very well designed coffee pods holder This coffee pod holder is slanted so pods do not fall out. Well made and easy to remove coffee pofs
12730,I need to find a cheaper replacement for a broken utensil basket in my KitchenAid dishwasher.,B08RRRGHYK,AHTR7IOXCAG32I7QEFNUYPO4OZRA,5,Replaced broken utensil basket Needed to replace a broken utensils basket in a KitchenAid dishwasher. This was 1/2 the price of the Kitchenaid one.
12791,I need a replacement cover for my Coleman camper because mine went missing during my camping trip. It needs to be a perfect fit for my camper.,B00BFU5HLQ,AHE5DPIL3FC2XEHLHXP2GITZZ2JA,5,"Perfect fit on my Coleman camper I went camping a few months ago and when I got to the campsite I noticed my cover was missing, I’m glad I found this replacement."
12949,"I want to find a jacket that has a tailored fit and looks great. The jacket should not be wide or baggy, and I want it to fit well on my body. I am 6' tall and weigh 220 lbs, so an XL size should work for me. However, I don't expect to be able to wear a thick sweatshirt underneath it unless I am very slim.",B06XSRR9CL,AG23KIMJKKTL43HBZ4PZDCX6Q3PQ,5,"Tailored fit; great quality and 'look' The jacket fits more tailored to the body, its not wide and 'baggy'. I'm 6' tall 220 lbs - got an XL and it fits great, but don't expect to wear a thick sweatshirt under this jacket unless you're a bean pole."
13023,"I need to find a light weight gel that is easy to use, has a subtle pleasing aroma, and doesn't flake. It should also nourish my hair.",B09V1TFKSK,AGL35GJ3QIXMNRFGEB4TWK6QYS2Q,5,No flaking This light weight gel has a subtle pleasing aroma. Easy to use and no flaking. I will definitely purchase it again because it’s also nourishing to the hair.
13052,"I need a lightweight quarter zip that is warm and true to size. It should have a light fleece layer inside to keep me warm, making it perfect for wearing in the house or office. It should also be stylish and wash well.",B09JNSP9F5,AHY2LKT64J7R6ZK7SZPZ7RF4AINA,5,"Lightweight, but warm! This quarter zip runs true to size. The inside has a light fleece layer to keep you warm. It’s perfect for in the house/office. Also, very stylish. Washes well so far, too."
13336,I need to find a product that I will absolutely love and has no negative aspects.,B0B1TC5SDQ,AEMM65OVFYFN7EICTOZRBCHHUROA,5,"Love this This is the best thing I've bought on Amazon in a long time, I have nothing negative to say about it."
13380,I need something that can solve the problem of my dryer door shutting while I'm transferring laundry from the washer. It should be easy to assemble and attach to the dryer using a magnet. I'm really excited about finding a solution for this issue!,B09WM99SZ7,AFGXCZRFKKNOFXQNA334UCO6MFJA,5,"Just what I needed! OMG, this thing is fantastic!!  Always have a problem with my dryer door shutting while moving laundry into it from the washer.  A matter of seconds to put this together and stick it (via magnet) to the dryer, problem solved - I love it!"
13410,"I'm looking for an ice maker that can produce a lot of ice. It should have sensors to stop making ice when the bin is full. I prefer a unit that is only insulated and not refrigerated, so the ice can keep the rest of the ice cold. Ideally, it should be able to fill the bin 2-3 times a day, but it's okay if it can't make that much. I'm planning to use it in my office and I want something of great quality.",B09Y5LGB2F,AGQZC4P2D732PF3OTVLFGMDJ7WYA,5,Makes a lot of ice This think surprised me at how much Ice it makes.  One thing to note is it can only fill up the bin if there is room.  There are sensors that stop it from making more ice.  Also it makes ice all the time.  The unit itself is not refrigerated it is only insulated.  The ice keeps the rest of the ice cold.  It can make enough ice to fill the bin 2-3 times a day but you have to be emptying it out.  If you don't need that much ice then no worries.  We use it in our office and it has been a fantastic addition over our whirlpool refrigerators ice machine.  I have owned several of these over the years and this one seems to be of great quality.  It has been running for about 1-2 months.  I will update if something changes but overall a great machine.
13801,I need a dishwasher that works well and saves me from buying a new one.,B089DM9FF9,AE7HNREGJRFMKSZCRLO363OQYXRQ,5,Item as described. Worked well therefore saving me from buying a new dishwasher Item as described. Worked well therefore saving me from buying a new dishwasher
13943,"""I'm looking for a water supply hose that is long enough to reach from the plumbing under my sink to the next story where I'm installing a sink in my craft room. I want it to have 1/4"""" connectors and be made with PEX inside the braided steel to prevent expansion due to cold. It should also fit standard 1/4"""" NPT fittings. It would be great to find a hose that is this long in a single shot and offers a good value for the price.""",B0BLVR8PTY,AGEK6ZMAL2KPHOBMC3M66264DAKA,5,"""Nice long water supply hose, standard 1/4"""" connectors This hose reaches all the way from the plumbing under my sink, up through the wall and ceiling to the next story where I'm installing a little sink in my craft room, all in a single shot. PEX inside the braided steel means I won't have to worry about expansuion due to cold, though since it's all interior walls I doubt that would ever become an issue anyhow.<br /><br />Fits standard 1/4"""" NPT fittings. Good value for the price, nice to find an item this long in a single shot."""
13955,I'm looking for a pretty and stylish gift for a Taylor Swift fan. It should look classy and not cheap.,B0C3BTSG8W,AHGM4Y25GIJZQSE5G2ZVY6L7MZLA,5,"Pretty and stylish I got this as a gift for a Taylor Swift fan I know and she loves it!  It looks classy and stylish, not cheap."
14278,"I need a comfy robe that is generous with the right weight and sleeve length. It should be flattering, wash well, and have an attached belt so I won't lose it. I want to buy multiple robes in different colors.",B099F3K2J6,AF2QYKMJRZXBB7SNTVGQT2JWE2WA,5,Love these!!! I’m a curvy girl and I love a comfy robe. These are great for so many reasons. They are generous with just the right weight and sleeve length. They are flattering and they wash well. I also like the attached belt so I don’t lose it. I own 5 of these in different colors.
14443,"I'm looking for a sheet mask that is tingly and refreshing. It should be suitable for sensitive, dry skin and claim to help with blemishes. I want it to have lots of essence and stay moist for at least 30 minutes. It should also have tea tree oil for a refreshing and tingling sensation. After using the mask, my skin should look and feel nice, and there should be no redness. It should be compatible with my current skincare routine. The only downside is the fit. I prefer Korean sheet masks because they usually fit my face well, but this one is a bit smaller than I'd like. It's short lengthwise and a bit tight around my eyes, but I can adjust it. It also covers the corners of my mouth, so it may not be ideal for someone with a wide mouth or full lips. Overall, I'm willing to make it work, but I'm looking for something that fits better than this one.",B0B186FXGM,AHWF3DTHQVMJM5EPE5OEBPGE5AHA,5,"""Tingly, Refreshing Sheet Mask I am a sheet mask addict.  I picked these up because they claim to be blemish sheet masks yet also great for sensitive, dry skin.  I've been fortunate enough that I've never had a huge problem with acne (but I do have teenagers at home) BUT I do have dry, sensitive skin.<br /><br />Pros:<br />-lots of essence; I could easily cover the spots the mask didn't hit and the mask was still quite moist after 30 mins<br />-refreshing and tingly from tea tree oil<br />-skin looked and felt nice afterwards<br />-played well with my current skincare routine<br />-no redness<br /><br />Cons:<br />-fit<br /><br />My only con for this is that I typically love Korean sheet masks because they fit my face well.  These are a bit smaller than I'd prefer but still hit all of the important areas.  This one is just a little short lengthwise (about a thumb width from my hairline to the top of the mask) and just over an inch on each side by my ears.  It's """"tight"""" in my eye area (but I can situate it properly) and it does cover the corners of my mouth (so not an ideal fit for anyone with a wide mouth or full lips).  I can make it work, it's just not a perfect fit like some other masks I've gotten in the past (for reference, The Creme Shop fit my face very well)."""
14948,I need an affordable solution to fill the gaps in my range. It should be easy to cut to size and work effectively.,B08Y339S7F,AHOZJ2CBRSOHNS3QRAATFZGZ23EQ,5,Perfect and affordable range gap solution! Easy to cut to size and actually works really well for us. It's a simple cost effective solution to span the gaps.
15116,"I'm looking for shorts that look and feel really good, with built-in tights for added comfort while working out. I want them to be comfortable, airy yet fitted, flexible to move in, and easy to clean. It would be great if I could find a style like this that I didn't know I was looking for. I'll need to size up though. Overall, I would highly recommend them.",B0B24DV9NY,AHQUHSDKN3Y3NZTRM72JRA4UVOGA,5,"The shorts he never knew he needed These were not what we expected. We expected it to be a tad longer BUT they look, and feel, REALLY GOOD. They’re my husbands new go to shorts, they do come up a tad short but the built in tights definitely make up for it and actually make it much more comfortable to work out in. It’s definitely a style we didn’t know we were looking for. It’s very comfortable. Airy but fitted. Flexible to move in and easy to clean. I would suggest to size up though. Would recommend"
15285,"I need to buy a replacement part that comes with extra clamps. I made a mistake and removed the wrong clamp, so having spares would be helpful for future jobs.",B09XJJPCBR,AEAIW2FXQTKUYQ6N3ES67B7DMPLQ,5,"Works, also has extra clamps I mean, it's an OEM replacement part so that's what you're getting. I am happy to note that while the job requires removing two non-reusable clamps (one smaller one larger), the kit comes with 2 small and 2 large clamps. Was helpful when I wasn't paying attention and removed the wrong clamp the first time! Plus now I have spares for the next job."
15513,I want to buy a product that is high quality and comes with a soft drawstring bag and a cleaning rag. The price should be unbeatable.,B09VX41Z4W,AHA56M6OVXMZJWYLOGAO3OL66LZQ,5,"Pleasantly surprised!! These are really high quality. Each came in their own soft draw string bag, and cleaning rag! Will be purchasing more for the unbeatable price"
15570,"I recently remodeled a hall closet to fit a stackable washer/dryer set, and I'm in need of a product that will help with the venting. I came across this amazing product that made it possible for me to properly fit the units within the closet space. It significantly reduced the distance between the wall and the back of the units. The best part is, it was incredibly easy to connect the vent to the back of the dryer. All I had to do was slide the stacked units up to the wall and it snapped into place, creating a perfect seal. With this product, there was no wasted space or inefficient venting due to bends and kinks in the flex-duct. I highly recommend it and you won't be disappointed!",B013TINE4S,AG57FVDGSS2G56AVVF2HWLS7MUBQ,5,"""Greatest invention since sliced bread I just remodeled a hall closet to accommodate a stackable washer/dryer set, and this MagVent product was 100% perfect for the job.  In fact I don't believe I could have made the units fit properly within the closet space without this product.  It took inches off the distance I needed between the wall and the back of the units.  Plus it did not require any difficult maneuvering to try and connect the vent to the back of the dryer.  It simply """"snapped"""" into place when I slid the stacked units up to the wall.  That's it!! perfect seal!! No waisted space or inefficient venting due to multiple flex-duct bends and kinks.  Truly great.  You won't be disappointed with this product."""
15684,"I need to buy a product that is similar to a factory. I currently have one, but I want to have three more as backup in case someone pulls the drawer forcefully.",B0B4D96M6G,AGX66LROOJNS7EIS4MIO7NUMHD4A,5,Just like factory I needed one and have 3 in reserve the next time someone jerks the drawer.  Just like factory
16086,I need to buy a small freezer that is great for horse shows and ice boots. It should be lightweight and perfect for my needs.,B09VGKCVHQ,AFX56FUMXHLQKRYM3NEXAMEUN5PQ,5,Great Buy for a small freezer !! Very light weight and perfect for what we need for Horse shows and ice boots
16295,I need to buy a large chest freezer that comes with a top storage bin. It should work well and have a clean look that blends well in my home.,B0BDV5KTH3,AE2B5CUQIA5ULZCR34UOPOXROEPA,5,"Well worth the money! This large chest freezer comes with one top storage bin included. It works very well! Please read directions before using it. It has to sit on High for a full day or two. If you unplug and plug it back in, there’s a process that ensures the freezer will stay running. It has a clean look and blends well in my home. It doesn’t stick out as a freezer."
16316,I need a filter for my humidifier that is easy to use and looks exactly like the one it replaced. Hopefully it will last a long time.,B09ZP39SRV,AFEEYYK6PNYKHE4EKR5NDIEXMSTA,5,Just what I needed This filter fits my humidifier and it was super easy to use it. I do not know about longevity yet as I just got it but it looks exactly like the one it replaced so I expect it to last a long time.
16329,I'm looking for a stovetop that is easy to install and has a high-tech design. It should fit within the dimensions described and have a smaller depth.,B0BTDN129G,AGYQRBYMKGNB3DVCYHAWEAAQDDQA,5,High tech stovetop So far so good.  The install is easy but it's wider than description.  I had to cut the counter to make it fit.  The depth is smaller though.  I had to fill in with caulk.
16355,I need to find a knob that fits perfectly and is a third of the price of the OEM one. I want to make sure I have the correct knob before buying it. Thank you!,B083H26PKH,AE3SSYWEPJNEELO4XA4ITK6CMCUA,5,Perfect fit Contacted seller to ensure I had the correct knob.  Great fit and a third of the price from OEM.  THANKS
16365,I need to find a washer that is perfect for washing baby clothes. It should be small and have plenty of space for washing and drying. The washer should also wash and dry the clothes effectively.,B0BY1YNR34,AGO2AJOLEXWZNP2ZA2U6U7MUUD4Q,5,Amazing washer [[VIDEOID:555231337092e635cbcad2b6a4ae1526]] I had it add on my baby registry during my baby shower. This is mainly used for baby clothes because we live in an apartment and we don’t want to wash our baby clothes in public laundry. I’m amazed by this mini washers.It has plenty of space for washing and so for the dryer. It wash and dries really good too. Super perfect for baby clothes. I totally recommend this product ☺️❤️.
16393,I want to find a product that helps with spelling and grammar. I don't want to make any mistakes in my writing and want to improve my overall language skills.,B08CX17TPC,AFRQDWNC5IOTCZT55XFJLFDBAEMA,5,"""you know what else """"fills up badass"""" Megan Schaefer... a guy named keith, in the highway rest area bathroom where your dad frequently attends.<br />The penalty of failing amazon's spelling bee..."""
16451,I want to find comfortable shorts and tank tops that I can wear every day during the summer. They should have a nice look and be comfortable to wear for long periods of time.,B09H7H76WR,AHDSJQ3VZVHFNG5WSMR2OH6H6YMA,5,So comfortable to wear every day! Liked the look and comfortable wear . I live in shorts and tank tops all summer. These are now my favorites for everyday casual.
16541,I am looking for coffee pods that are compatible with the K-Slim. I prefer pods that don't close all the way. I want to make weaker coffee than the store bought pods.,B09WYRM1V7,AETIIQTEWULGZCPKHMSVHOPRZROQ,5,K-Slim This also works on the K-Slim. It also doesn’t close all the way. I bought these because I like my coffee weaker than the store bought pods.
16588,I am looking for a product that looks like the expensive ones from The Container Store. Amazing purchase!,B0B9J4TVR8,AGVME6YQSE2QXDXHWOCCUZYWGFOQ,5,Amazing purchase! Amazing. Looks just like the expensive ones from The Container Store.<br /> Thank you!
16612,I need a solution for making stronger coffee in the mornings. My husband suggested using a carafe when he drinks less coffee during warmer months. We couldn't find any pods for it. I'm glad we found something on Amazon that made his mornings easier.,B0179LQ0VA,AENWSLHN2B76QJHAMLOF4FYZBMLA,5,"Love them During the warmer months my husband doesn't drink as much coffee so he suggested using the carafe, but we couldn't find any pods. Thank goodness for Amazon because we found these and it has made his mornings so much easier. Only thing I wish we could do is make the coffee stronger somehow"
16628,I need to buy a washer and dryer set for my office. It would be great if the machines are quiet and have a good capacity. I also want a dryer that saves electricity and has an easy-to-clean lint catcher. I don't mind if the dryer takes a bit longer to dry clothes.,B08LLGT5SW,AF3MZJ2ZTGURFD66ZNQRK6APUIPQ,5,"A dolly is a must to move the washer around but great machines I set up a little area in my office to use as a little laundry space, I will say the washer and dryer work great and are both quiet. My only true complaint is the washers wheels don’t work and scuffed up full floor even after tilting it back to wheel it out., I will be buying a dolly for it this weekend to be able to move it around a lot easier.<br /><br />The washer drum has a great capacity for such a little machine, it’s easy to use and does a great job agitating. When the spin cycle is done. Clothes come out almost dry already. Comes with the quick connect coupling for your faucet and 2 hoses with a cap for the inlet you’re not using<br /><br />The dryer is great. It takes a little bit extra time to dry clothes, about an hour and 15 minutes. I noticed it gets more hot towards the end of the cycle. Which in my opinion is smart to save electricity. The lint catcher is easy to remove to clean. Give a twist and a light tug. I just vent into my house. This time of the year humidity is really low so it helps add back into my home and who doesn’t like the smell of fresh clean laundry. I highly recommend this product."
16860,I want to find a thoughtful gift for someone who recently experienced the loss of their pet due to vet malpractice. I am looking for something that can help them heal and remember their pet.,B0C6DV6ZBR,AEFZWJIGQHD5HX4UVNZMGWLDEEMA,5,"Perfect thoughtful gift, expect waterworks. My sister, and her bf's 6 year old bearded dragon tragically passed away from vet malpractice/ignorance. Long story short she had an x-ray done and was misdiagnosed, it turns out, 2 years after the X-ray (where they were visible), and having 2 different vet pinions,  she had ovarian cysts the entire time, that had ruptured and she went septic, and died slowly.  It was so awful, and unexpected.<br /><br />I got them both a matching set of bracelets with her picture inside so they could carry her with them always, while they are trying to heal and accept the loss. We all cried!"
16877,"I'm looking for sticky stamping polishes that are a game changer. I have trouble picking up images and need something that can pick up lightly etched plates easily. I also want a polish that doesn't dry too quickly so I have time to add glitter, pigment powder, or foils to the image. I'm excited to find polishes that offer so many creative uses.",B0BXXD1FZ4,AEROVZ2WVCTSIAC4PPVWAGT4H7EA,5,"Game changer! These sticky stamping polishes are AMAZING!  If you have trouble picking up images or just have a few plates that are etched lightly and always give you trouble, try this polish.  Not only does it pick them up, but you don’t have to rush like regular stamping polish.  Plus since it stays sticky for a while, it allows you to put glitter or pigment powder or foils on the image.  So many creative uses."
16981,I am looking for a dishwasher heater element that is working properly and can produce around 400W of power. It should fit well into my dishwasher and not cause any damage. I want it to be as good as the original one that came with the dishwasher before it broke.,B08NT8Z3D7,AEU52ESOTOLVCNC52JPVN7727NJQ,5,fixed a broken dishwasher heater element this heater measured 39 ohms when i got it so it should put out about 400W.  that's ok with me because i don't want the tub (or plasticware) to melt.  flexed it into place and everything matched up fine.  it works as good as the original before the original one broke.
17100,I need to find replacements that fit perfectly. They should be great and I'll buy them again.,B07BZ148VC,AH4QBQGHTMUTM7ZRVCFIDYRVU7ZQ,5,Fits great We are pleased with the replacements. Everything fits perfectly. Great product.<br />We will buy it again
17198,I need ankle bracelets that are easy to put on and can be worn in the shower without any issues. They would make great gifts for the summer months.,B09WDR6QH5,AELQCGHDIIBZ34MDUOVVQMOJATKA,5,"Ankle bracelet I love these ankle bracelets, they make great gifts in the summer months..they easy to get on and I shower in my as well with no problems."
17467,"I need an ice maker that works well and produces ice quickly. However, I had some issues with the delivery and packaging, as the first two units arrived damaged. This seems to be a problem with the delivery service, not Amazon. However, Amazon was great in handling the situation and didn't cause me any stress. I really love the ice maker. It's important to read the item description carefully and make sure to order the correct model. This particular unit has a pump, which is what I wanted, but they also have a direct drain unit. Overall, it's a good product.",B0BYFVDZD5,AGE6PC7Q4UAF2YRQECG45HWAVZOQ,5,"Works great makes ice fast Ordered. Delivered 3 times to get 1 not damaged. Sent the first 2 back. This is a delivery and packaging issue , not an Amazon problem. UPS destroyed 2 units. Amazon sent viz a freight company and it came in perfect condition. Amazon was great about handling it and didn’t stress me out. I lov.e the ice maker. Be sure to read the item description closely and order the right model. This unit has a pump, which is what I wanted, but they make a direct drain unit also. Good product"
17522,I need a drain pump that is easy to replace and has three screws. The wires should be black wire up and brown wire down.,B082SJ5PKX,AESLPJWTQZMKZKMGPLAPZCAS6FEQ,5,"Black wire up, brown wire down on the drain pump. I liked the ease of replacing the three screws on the pump."
17596,"I need to buy earrings. I want a pair of earrings, not just one. I should have paid more attention before buying. I forgot about body jewelry because I am old.",B077D2JF2F,AHVQ56YMQGSOO7QPTM7GAAYGKDGA,5,Nice earring. I wish I had noticed it only was 1 Why sell earrings in singles? I have two ears. I guess I should have paid more attention.  Ugh<br />My fault. I am old and forget about body jewelry.  😅
17710,I am looking for a product that is better than the original in terms of reclosing. The one I received does not fit properly in the dryer unless the front and sides are clasped tightly.,B08RMZNGL3,AF7MSXFZ42ZBDB4CF7SD6QGF44FQ,5,Can be hard to reclose With the one I received you have to make sure the front and sides are clasped good before reinserting into the dryer or it will not fit. Otherwise this is better than the original.
17979,"I need an appliance that makes ice quickly and has a bullet shape. Our fridge's ice machine doesn't work, so I need something to replace it.",B0B4VLHRSV,AEHQLMZTDEJV5JHWMRFKFMRNWNGA,5,Awesome appliance I was gifted this for my birthday because our ice machine does not work in fridge.  This little thing has ice ready to use so quick love the bullet shape Ice it makes…
18112,"I want to replace a part in my washer to save me from buying a new one. I watched a YouTube video and it seemed easy to do. After replacing the part, my washer now works like new.",B09M86QMGD,AHH7WCZ3HS5WGRZPLWGFIKHZRJ4Q,5,Saved me from buying a new washer! Followed a YouTube video and was very easy to replace.  Washer works like new!
18572,I want to find some thick cotton socks that fit great and are well made. I'm looking for socks of the same quality as the ones I've bought at Costco before.,B0BH8Z9LZN,AFEND2RTAP4JR5BT2UXAMRB24TJA,5,"Nice thick cotton - fits great These socks fit great and seem well made. They are the same quality as the ones I have bought at Costco in the past. Not too sure how to say much about socks, but they are nice socks."
18619,"I need water filters that are a good fit for my LG fridge. They should work well, be easy to install, and not leak.",B0C4HCT49Y,AHWD74455FJXK2EYMVOMQU2UKKOA,5,"Good fit in my LG fridge These are a good fit for the filter area in my LG fridge. They work well, and are easy to install, no issue with leaks."
18652,"I need gloves for an adult Halloween costume that fit snug, are flexible, and complete the look for a female superhero. Specifically, I am looking for spandex gloves that are short in length.",B0B1TX97DM,AHPGTJVZ3PQEKXC5OPCTD7UYOCJQ,5,"Great for Adult Halloween Costume These gloves are perfect! They fit snug, are flexible and complete the look for a SuperHero adult female.  It was hard to find these spandex, short gloves. Not one complaint!"
18779,I am looking for a product that is of good quality and made of stainless steel. I want something that is exactly as shown in the image and promotes sustainability. I don't want any plastic or BPA in it as it can be harmful to health. It should also be easy to use and worth the money.,B09XML7C87,AFYM6IEYIR36QAMAMN3POUDIVS3A,5,"good quality Hight quality. You get exactly what you see in the image. If you like the idea of sustainability this is for you. Why through away all that plastic, not to mention all the health concerns of plastic and BPA in your body. This is stainless steel and well worth the money. Easy to use."
18890,I've been struggling with my eyebrows for a long time and finally found something that works! I love these stencils and they work great when combined with Maddluv. Absolutely amazing!,B099KSC4L2,AGOECVIREQ4GNAJNGHDZZLYA4KKA,5,finally!  something that works! My eyebrows have been a pain in the butt for years.  Love these stencils!  Mix with Maddluv.  Amazing!
19145,I'm looking for a cosplay prop that looks like the anime and is sturdy for my Yor Forger cosplay.,B0B24QMLQD,AEYDWCXJMJVTTKE26W7N3RVHSDSQ,5,Great cosplay prop! Got these for a Yor Forger cosplay and they were great! Sturdy and definitely look like the anime!
19159,"I need a product that is easy to hook up, accurate, and sends updates to my email. It should also allow me to view an hourly log when I sign in. I want to buy it for when I leave for the winter months. It should show the temperature and the number of people in my house. The setup instructions should be easy to follow, but I will need a reliable internet connection.",B07HP9PGDY,AF6NYC4WSI5OHSSMIHCZL4GQGBRQ,5,"Works GREAT!  We were gone for a month. Easy to hook up, accurate, updates to my email, and I can view hourly log when I sign in. I bought this for when we leave for winter months. This product shows temp, and amount of people in your house. Just set it by easy instructions. You will need an internet connection that is reliable."
19490,"I need a replacement part that can fix my LF error. It should be easy to replace, especially after watching a YouTube video. I suspect that the valve might be clogged or not functioning properly.",B08NQ62H1W,AHOMIAMTIPHAQIBW5EOHAPB2GFNQ,5,Fixed my LF error. This piece was an easy replacement and fixed my LF error.  We have hard water and I think the valve was either clogged or quit working.  It was very easy to replace after watching a YouTube vidoe.
19570,I'm looking for a device that is easy to use and performs well. My expectations are not high but I have high hopes.,B08L5KN7X4,AG3GDGKDBU4WPWFDPRRM4FAXZZQQ,5,"Pleasantly pleased My expectations weren’t terribly high, but my hopes were.  The device is easy to use and performs very well."
19808,I want a foundation that gives my face a smooth and sheer finish. It should make my face feel light and look natural. I hope there are more options for this foundation in darker shades.,B0B8S54RS2,AEWCSFOSQXXPG5X2H4URUGDSFGEQ,5,Wonderful product I like the way my face has a smooth sheerness after I apply the foundation. My face feels light and looks natural. I wish there were more options for this foundation in darker shades.
19887,"I need an ice maker that is great, quick to ship, and easy to use. It should be mobile so I can set it up anywhere with electricity. Most importantly, I want it to produce chewable ice.",B09CZFYGF5,AFJQD5LDLFKZRHYUR6524HQYSUOQ,5,"Great ice maker Quick shipping and easy to use. I would recommend this to everyone.  It's mobile, I mean you can set it up anywhere (with electricity). Chewable ice!!"
19972,I need to find a great product that is the exact replacement for a broken part in my refrigerator. I want to get the exact part that I need to get it back up and running in a short amount of time.,B00J8HXYFE,AEHD7DGXPWHW7Z7ZD5E55S3YCCYQ,5,"great product exact replacement for the broken part exact part i needed , had my refrigerator  back up and running in 20 minutes"
20293,I'm looking for wheels that are initially sticky but then loosen up after a few days.,B07TSMX41M,AHHIN2TFRZQVQNWZIEGJA5XVJFDA,5,Excellent Wheels seemed sticky at first but loosened within a couple of days and have been fine since.
20375,"I need to find a damper that can prevent cold air from cycling through the freezer, even with ice at the bottom of my refrigerator vent.",B00J635QBA,AGIJQ6HCNMO7OI3XC4UDNL646MYA,5,Damper Make sure you chip away the ice at the bottom of your refrigerator vent. With the damper installed cold air still needs to cycle through the freezer.
20401,I need to find a replacement for a product that is not very sturdy. I want something that meets my requirements.,B095Y43ZYG,AHFBUQ5VKF6IWQ6D3OASIWGWKDCQ,5,"Easy replacement Only knocked the sturdiness because if the OEM product was sturdier, I would not have to replace it! But this fit the bill."
20580,"I need to buy something that fits perfectly in the fridge. I should pay attention to the measurements in the description. If I need it again, I'll buy it.",B0CDBQQ97N,AFMSI2VXCDHKCJ6LGBQ5TX32VILA,5,Fit Perfectly! This fit right it the fridge.  Just make sure you pay attention to the measurements in the description.  I will buy these again if needed.
20603,"I want to buy a 36 inch range that is beautiful and works great. I'm a bit unsure because of some reviews I've seen, but I decided to take the risk and make the purchase. The seller, Robert at Executive Appliance, called me the next day to provide delivery instructions and answer any questions I had. I specifically asked about the digital time because of concerns from other reviews, and Robert assured me that the issue has been resolved in all the models. He even gave me information about different models to help me choose the right one for my needs. The range arrived exactly as promised, without any damage, and the delivery team even brought it all the way into my house and placed it where I wanted. Overall, I had a great experience with them. If you have any questions, I recommend sending them a message as they are really helpful in providing answers. One bonus surprise was that Robert informed me about a rebate for the range that I didn't even know existed, saving me $300. It may not be a huge amount, but it was definitely a pleasant surprise.",B07R6PCX2M,AHO6CCOWCDRF7ALBVKDL4SIUPQVQ,5,Beautiful and works great! Robert at Executive Appliance put my worries to rest.  I was reading and watching the videos of other reviews and I was not sure if I should go ahead with the purchase.  I took the risk and purchased the following day Robert called me to give me instructions on the delivery and to see if I had any questions for him.  I asked him about the digital time due to the reviews I had seen and he informed me that the issue has been resolved in all the models he also gave me information regarding the different models which allowed me to understand that I had purchased the correct model for my needs.  It came just as he promised.  It came without a scratch and the delivery came in all the way into the house and where I wanted them to leave it.  Overall a great experience! if you have any questions do not hesitate to send them a message they are great at answering all your questions to the best of their abilities.  If you are looking for a 36 inch range that you can use any of your pots and pans this is a great choice.  He also told me about a rebate for the range that I had no idea it was even available saving me $300.  Not much but definitely a good surprise.
20677,"I don't want to spend a lot of money on an ice maker, but I still want one that is cute and can make perfect ice. It doesn't need to make a lot of ice at once, but it should be quick and not too loud. I also want one that can keep the ice cold and automatically make new ice if it melts.",B07NVJP82G,AGJZKCBEICPZGULEQ4NJUN3LNUYA,5,"You don’t need to spend 600 dollars on an ice maker! This thing is so cute. I got it for my partners birthday after deciding i did not want to spend my entire 401k on an ice maker for perfect sonic ice. While this does not make a gallon at a time, it is quick, not super loud & the ice is perfect. My main concern was oh it won’t keep the ice cold, but it keeps it way colder than you’d think PLUS if it does melt it literally just automatically remakes a new match immediately afterwards.<br />0 complaints!"
20732,"I need to find a product that can be easily styled, installed, and removed. It should be a fun addition to my look without any commitment.",B08N3ZQN62,AFWP4AX57ORQOMK7ZBE3O7CJIRFQ,5,"The hit of New Year’s Eve! I saw these from an influencer and bought them immediately. I am so glad I wore them on New Year’s Eve, because they were such a fun addition to my look without the commitment. They are very easy to style as well as install and remove."
20929,"I want to buy something beautiful and big enough to fit my head. The material should not be sturdy and should have a styrofoam feel to it. However, I want to be careful with storing it because it flattens easily and can get crushed.",B0BDFVLWJL,AFD6UTOJCPS56OS4QHBYCMAUWDJA,5,"So Cute It’s beautiful!  And the best part is it’s big enough & fits my head!!!  The material is has a styrofoam feel to it but I’m sure that’s from the iridescent wrap, but with that being said, it’s not sturdy and flattens easily so be careful where you store it so that it doesn’t get crushed."
20970,"I want to buy a beautiful necklace for my wife as a special gift. It should have stunning clarity and sparkle, just like natural diamonds. I also want the pendant to be made of moissanite stones. It would be great if this necklace becomes one of her favorites and she receives compliments whenever she wears it.",B0C8D5LGRM,AHEL3GGQZYYEORAFKXYN7RSUG6DA,5,"Even more beautiful in person! I got this beautiful necklace for my wife as a Valentine's Day gift, but it would also make a great birthday or anniversary gift.  She couldn't believe that the stones in the pendant were moissanite & not natural diamond!  But honestly I was a little surprised too.  If you've never owned moissanite jewelry, you owe it to yourself to try it.  The clarity and sparkle are unreal.  This necklace has quickly become one of my wife's favorites and she gets compliments every time she wears it!"
21144,"I need a standup freezer that offers a lot of space efficiency. However, I am aware that it may lose cold air from the top every time I open it.",B0BX9GK3PB,AFDYGDEORQFXJ2NNOGRQTFPYVW2Q,5,Five Stars but there's a reason people get chest freezers Standup freezers like this lose a ton of cold air from the top every time you open them. But they also offer a lot in terms of space efficiency. Just know there's a tradeoff!
